Epochs,loss,val_loss,HC_loss,val_HC_loss,CO_loss,val_CO_loss,CO2_loss,val_CO2_loss,NOX_loss,val_NOX_loss
1.0,0.0330633598645685,0.012846913820383858,0.004999739857569544,0.002578102549099887,0.003762243084609181,0.003307168352101089,0.017784664553020593,0.005582898757357312,0.006516712343366577,0.0013787441087540991
2.0,0.01354465495792449,0.011961306242683689,0.0028847725627312564,0.0023900448445479585,0.003478444929028592,0.003307168352101089,0.0057841906011993965,0.005031904997911933,0.0013972468691982921,0.0012321880875063675
3.0,0.013017075550840852,0.011731714631438194,0.002734269469710218,0.002297342514441882,0.0034769947954927196,0.003307168352101089,0.005453810647822616,0.004897447918058548,0.0013520006531347213,0.0012297559299468464
4.0,0.01272209102847448,0.011569012437966403,0.002612826397544878,0.002212009008838918,0.0034743365798225925,0.003307168352101089,0.005303669396509696,0.004803231781806739,0.0013312586525655234,0.001246603370754042
5.0,0.012555389377570088,0.011389017699842704,0.0025482322002999785,0.002174456803760288,0.003475946440968094,0.003307168352101089,0.005213908457519847,0.00469474270720524,0.0013173022644888826,0.0012126498884322205
6.0,0.012445387856155222,0.01121992934142419,0.002506957941703153,0.0021100753089587057,0.0034731899712468223,0.003307168352101089,0.005150932903997481,0.0045819976645952555,0.001314307009965659,0.0012206880384462142
7.0,0.012324537339073025,0.011429160881510072,0.0024654702754422085,0.002203582143668483,0.0034737004948026166,0.003307168352101089,0.005085414693669397,0.004677629767051088,0.0012999518806898842,0.0012407805925875898
8.0,0.012238801649149214,0.011148251997631607,0.0024270282349815485,0.0020621669815892806,0.003473588232971861,0.003307168352101089,0.005048607572747141,0.004588129983474516,0.0012895776012135612,0.0011907866932904336
9.0,0.012108829753363063,0.011288464531809709,0.002385341074479924,0.002176914422679621,0.003473952494532352,0.003307168352101089,0.004966860392989708,0.004600069143420592,0.0012826757831370854,0.0012043126278213866
10.0,0.0120830687498738,0.01104656613277167,0.0023722238561038364,0.0020365502372682513,0.003473446319513716,0.003307168352101089,0.004953253349689384,0.004528230081434167,0.0012841452398937372,0.0011746173777145476
11.0,0.012016834475987278,0.010996225865909152,0.002359086156646521,0.002023994295657852,0.0034734477369905183,0.003307168352101089,0.004908872543583125,0.004489096975831698,0.0012754280359903991,0.0011759663218530913
12.0,0.01196996438548986,0.011022373560519513,0.002339243130737234,0.002027853398083485,0.003473385346579665,0.003307168352101089,0.004892543294430217,0.0044888621221179925,0.001264792622075683,0.0011984896637762853
13.0,0.011955080655080151,0.011039586694129737,0.0023446422662869106,0.0020572057696207615,0.003475194423074507,0.003307168352101089,0.004865870946390948,0.004491766985402842,0.0012693730152902824,0.001183445589725846
14.0,0.01188990070711975,0.01086759379446804,0.0023254145936372787,0.002019905326873663,0.003477479496509544,0.003307168352101089,0.004835317242012834,0.004400783009271251,0.0012516894028576082,0.0011397370839528018
15.0,0.011855632751091076,0.010988896218275578,0.0023124796571340387,0.0019931994647451276,0.003474728341719166,0.003307168352101089,0.0048202536652000435,0.004440445568777729,0.0012481710735043673,0.001248082820621255
16.0,0.011830092520410859,0.011001935859678237,0.0023097812310091067,0.0020598458597092814,0.0034745564120421705,0.003307168352101089,0.004796200667838947,0.004485387706093152,0.0012495542290600675,0.0011495339804953992
17.0,0.011794392580708439,0.010856691806543535,0.00230059321073958,0.002003860991175942,0.003473483070514717,0.003307168352101089,0.004782870268746324,0.0044058818443522664,0.0012374460216020167,0.0011397806517389193
18.0,0.011772660392876277,0.010928987804538062,0.0022817646530710785,0.0020531067985942145,0.0034734178387587854,0.003307168352101089,0.004787050901451237,0.0044306830059911454,0.0012304270066058696,0.0011380296539748147
19.0,0.011751532538536042,0.010805232139051128,0.0022915142474220656,0.0019820932793403094,0.0034734579476781843,0.003307168352101089,0.004757393640949865,0.004383649745093631,0.0012291667070011164,0.0011323206868923254
20.0,0.011722192617784295,0.010958443119996095,0.002275331869782318,0.002068981669816022,0.0034738977112186973,0.003307168352101089,0.004739840178668082,0.00443366852450457,0.00123312285466805,0.0011486245548398008
21.0,0.011707541329032286,0.010968038052347178,0.0022730397293873037,0.0020805079899828415,0.003473457949067473,0.003307168352101089,0.004738263855847316,0.004410969434672643,0.0012227797985479433,0.0011693922917496743
22.0,0.011673388214354381,0.01091036772355914,0.0022638294808588026,0.0020010622553999335,0.0034734769463659505,0.003307168352101089,0.0047157418663128685,0.00444655437492042,0.0012203399218615205,0.001155582723900364
23.0,0.011661850151288818,0.010903186782897053,0.002257360883113553,0.002025688921406747,0.003473551379854411,0.003307168352101089,0.004711741331710682,0.004417241372917508,0.001219196561526691,0.0011530881096771149
24.0,0.011646595444649497,0.010826554267860554,0.002252585491015878,0.002021793770218387,0.003473457947715431,0.003307168352101089,0.004701183138775941,0.004349863736041411,0.0012193688800443817,0.001147728379524287
25.0,0.01161252579166185,0.010921869532088123,0.00224459247439923,0.0020336629492107954,0.003473184765227974,0.003307168352101089,0.004690218755908889,0.00438826984831015,0.0012045297838102515,0.0011927683288769024
26.0,0.01162494299272564,0.010744217685718182,0.0022525404864663437,0.001971975289342869,0.0034742557255368293,0.003307168352101089,0.004692612127379257,0.004326122024270323,0.001205534657177722,0.0011389520288404562
27.0,0.011591224720232062,0.010719235424149714,0.00224195694418327,0.0019555686784601626,0.003473457949035814,0.003307168352101089,0.004673939944076404,0.004333495581367641,0.00120186987148891,0.0011230028889396202
28.0,0.011572787192971664,0.010807900838048555,0.0022387021377342285,0.001996493976995147,0.003473708491265684,0.003307168352101089,0.004657219417125153,0.0043840999097644615,0.0012031571494128725,0.0011201385709146082
29.0,0.011573157733299822,0.010788432414216065,0.0022325265392355315,0.0020009363555814953,0.003473457961429536,0.003307168352101089,0.004660759049651695,0.0043701910149684595,0.0012064141879107521,0.0011101367426363956
30.0,0.011564096756282687,0.010742355391215357,0.002230602172861952,0.0019837754455211258,0.003473522640613553,0.003307168352101089,0.004664334832999041,0.004321087936846678,0.0011956370946358413,0.0011303236627318563
31.0,0.011523879729434212,0.01062054256282867,0.0022228608800485094,0.001921577580234535,0.0034734579570679888,0.003307168352101089,0.004629845388562145,0.004280634078173105,0.0011977154864350867,0.0011111625723320825
32.0,0.011537679425873368,0.010692642091329838,0.0022255047150546653,0.001985571920046488,0.003473457952151471,0.003307168352101089,0.004645408370061644,0.004279405558455592,0.0011933083791263912,0.0011204962368372453
33.0,0.011520562876922389,0.010656101769777951,0.0022217469881058004,0.0019298033278205677,0.0034740715170165706,0.003307168352101089,0.004631402105285432,0.004303561104497307,0.0011933422940228753,0.0011155690632398555
34.0,0.011496717252214603,0.010656095851457787,0.0022161490048896904,0.001953285319481778,0.003475162029419425,0.003307168352101089,0.004617364503529295,0.004279496065632466,0.0011880417214143561,0.0011161460522357265
35.0,0.011489229421709301,0.010621735363214682,0.0022031591308766417,0.0019519990009723156,0.003473390826787501,0.003307168352101089,0.004626849504543987,0.004262022319027407,0.0011858299418315045,0.0011005457141652663
36.0,0.01147849065255537,0.010608383950912986,0.002207115260461405,0.0019167685928454874,0.0034734307430464425,0.003307168352101089,0.004612807381044002,0.00428119523423081,0.0011851372616343949,0.0011032517604538617
37.0,0.011462766121366088,0.0106282831222822,0.0022001408488902512,0.0019356183811287068,0.0034735770447891856,0.003307168352101089,0.004609382221002751,0.004267626828775057,0.00117966603045452,0.0011178695899175157
38.0,0.011434851213157377,0.010706829535006134,0.0021974871017389416,0.0019538744429871534,0.003473541607254561,0.003307168352101089,0.004591277895553072,0.004358014220451459,0.001172544606900263,0.0010877725958220866
39.0,0.01143043471650723,0.010661484929631669,0.00218941646542296,0.00198520936572694,0.0034734579486763867,0.003307168352101089,0.004587020629832509,0.0042640446908848275,0.0011805396816970046,0.0011050625529948556
40.0,0.011431403812718567,0.010649115984698284,0.002194698497731255,0.0019192077302439975,0.003473457949477183,0.003307168352101089,0.004578524708383713,0.00432865759086065,0.0011847226487571609,0.0010940823185953126
41.0,0.011409015547554123,0.010550253673442068,0.0021956943618236615,0.0019365215462725203,0.003474263059957242,0.003307168352101089,0.004570397357638967,0.004222111529159346,0.0011686607847507789,0.0010844522728005461
42.0,0.011414646441218389,0.010595267948687138,0.0021879599022251546,0.001923059920990367,0.003474351605289747,0.003307168352101089,0.004581212994188642,0.0042757480722306895,0.0011711219261936884,0.0010892916350257438
43.0,0.011391810524500555,0.010584305407394069,0.0021724345916630224,0.001922239701361101,0.003473457954363904,0.003307168352101089,0.004578206358163025,0.0042713795915400475,0.0011677116100361983,0.0010835177871881898
44.0,0.01139695652987336,0.010739267215186109,0.002184430910402812,0.0019692616937798837,0.0034734579609527827,0.003307168352101089,0.004567200627786529,0.004353334509014572,0.0011718670086236658,0.0011095025801824013
45.0,0.011375483531433417,0.010514617368620865,0.002167015182890948,0.0018932218205122721,0.0034734579489520095,0.003307168352101089,0.0045641493260972716,0.004249152057835871,0.0011708610827619401,0.0010650751605041854
46.0,0.011362505152075302,0.010769179995243953,0.0021624128901322212,0.0020078572368100074,0.0034734649017239966,0.003307168352101089,0.004557057151713376,0.0043627041628494165,0.0011695701925661342,0.0010914501966171107
47.0,0.011331215255288782,0.0104729048669384,0.002165368891755817,0.0018806291997622454,0.003473459200257957,0.003307168352101089,0.004532328251973589,0.004205355896739161,0.0011600589074538708,0.001079751408879208
48.0,0.011348959040138381,0.01044971704729033,0.0021689102920126407,0.0018769564687021482,0.0034744703495809956,0.003307168352101089,0.004545385174079335,0.004199593715891261,0.001160193219642008,0.001065998491417994
49.0,0.01131712100892216,0.010572566583348353,0.002165293540915887,0.0019122953339553044,0.0034734579530826294,0.003307168352101089,0.004524375392795295,0.004255707538156313,0.0011539941257058587,0.0010973953417381548
50.0,0.011312603048915397,0.010731984566566292,0.002151441215424781,0.00197783369682529,0.003473406633120609,0.003307168352101089,0.004535892466936855,0.004306239758062529,0.0011518627497098062,0.001140742767797522
51.0,0.01128060272836025,0.01042168303782567,0.002144489455771183,0.0018800164434995901,0.003473457941521363,0.003307168352101089,0.0045122442517637395,0.004174039431802103,0.001150411072601484,0.0010604587699293076
52.0,0.011275943326525357,0.010484964457357939,0.002136821674830025,0.0019012157771772617,0.003473457953507238,0.003307168352101089,0.004515599622235847,0.00421594339559946,0.0011500640859845516,0.0010606369664389438
53.0,0.011283751570687834,0.01042337798126593,0.0021512923734736808,0.0018652129816670864,0.003473481095970366,0.003307168352101089,0.004517258828676104,0.004198786273640624,0.0011417192640811025,0.0010522103424924828
54.0,0.011267788046729756,0.010425179696417554,0.0021355761737131837,0.0018473568245852454,0.0034736022206719665,0.003307168352101089,0.004507941444315643,0.004218099275301157,0.0011506682248950408,0.001052555234941707
55.0,0.01124049349874389,0.010385529423480087,0.0021243946928269255,0.001847988113082539,0.0034749983786184786,0.003307168352101089,0.004495355793277636,0.004163863077890371,0.0011457446175058212,0.0010665098978892434
56.0,0.01122113291557185,0.010430783430500076,0.0021196799340324804,0.0018807535264393138,0.0034735368955394414,0.003307168352101089,0.0044897404761253396,0.004190005267280652,0.0011381756015463053,0.0010528563522372286
57.0,0.011227192126046568,0.010463994323906003,0.0021087220552883966,0.0018974946522053082,0.0034734579573771334,0.003307168352101089,0.00449422525927572,0.004188544537523098,0.0011507868801852105,0.001070786773668279
58.0,0.011210479206289356,0.01031968284003572,0.002104589249366995,0.0018095980984873217,0.0034734526459175995,0.003307168352101089,0.004485087430647844,0.0041426459146415165,0.0011473498950040444,0.0010602704585554715
59.0,0.011192831261193822,0.010333660197410173,0.0021002340576974326,0.0018132248515440072,0.003473457954393701,0.003307168352101089,0.004476170438959773,0.004146318858985687,0.0011429688053129954,0.00106694814046123
60.0,0.0111676638405001,0.010426104457780533,0.0020851180173954995,0.0018650333127490785,0.0034734579566918005,0.003307168352101089,0.004468577866197585,0.004200673998946847,0.00114051000450227,0.001053228819336701
61.0,0.011186139417750221,0.01033116568457731,0.0020916574949086243,0.0017931839850587456,0.003473698393263118,0.003307168352101089,0.004469076286154181,0.0041740694623664575,0.0011517072529109418,0.0010567439301016168
62.0,0.011149581306480506,0.010249304821147909,0.0020665390871493247,0.0017689428418433274,0.0034734579513618483,0.003307168352101089,0.004464850161412087,0.0041337298296796245,0.0011447340905422476,0.0010394637387910418
63.0,0.01114058432117665,0.010396882457101332,0.0020600894725750127,0.001791651040853874,0.003473803094481979,0.003307168352101089,0.004473188791765779,0.004240144150832676,0.0011335029714322111,0.0010579188775205267
64.0,0.011121996270847527,0.010182680223649165,0.0020522631944703555,0.0017169963858429545,0.0034734576338255607,0.003307168352101089,0.004459909404555736,0.004115630202481653,0.0011363660344723694,0.0010428853674621854
65.0,0.011098686503636917,0.010507373697531325,0.002049712972095256,0.001937228884337704,0.003473457948754604,0.003307168352101089,0.004445382204156236,0.00418057627315648,0.0011301333557415445,0.0010824001879621232
66.0,0.011074038403374894,0.01017169278407756,0.002021824548507277,0.0017033282401374395,0.003473409080943126,0.003307168352101089,0.0044470800457859306,0.00411395012265887,0.0011317247240973309,0.001047246070014466
67.0,0.011043914925606258,0.010253561835613037,0.002017610664989635,0.0017437754862896272,0.0034734579592729724,0.003307168352101089,0.004424586344941897,0.004163033814635009,0.0011282599748629048,0.0010395842679806464
68.0,0.011038292695047639,0.010230910436552764,0.002014757350157159,0.0017272002606704881,0.003473457950337574,0.003307168352101089,0.004419376767890324,0.00412372370875775,0.0011307006066687431,0.0010728180286430904
69.0,0.011024194727741092,0.01020582869795771,0.0020033017135829387,0.001714161878770171,0.00347342870905692,0.003307168352101089,0.004414202721902678,0.004138376437807429,0.001133261574605822,0.0010461220346386852
70.0,0.011022155706207508,0.010078692728415654,0.0020024523787078937,0.0016560713160570424,0.0034733916818183823,0.003307168352101089,0.004417655767163282,0.004070730208645002,0.0011286558850276808,0.0010447228812098571
71.0,0.011035909800572598,0.010211798793888699,0.002004916512622006,0.001735152209729208,0.003473852122955577,0.003307168352101089,0.004415822944743713,0.00413440661764691,0.001141318205765266,0.0010350715927866085
72.0,0.01100735742674099,0.01011225011720319,0.0019974935910119823,0.0016782997399048905,0.0034734398048444437,0.003307168352101089,0.0044120589822180456,0.004098135016983485,0.0011243650416623437,0.001028647012925313
73.0,0.01097948461737877,0.01007978728964509,0.0019774154884111632,0.0016412276822081041,0.0034734579477601266,0.003307168352101089,0.004403931515748897,0.004093542848200003,0.0011246796572774228,0.0010378484188124386
74.0,0.010968464100954643,0.010132648649339195,0.001969184878262985,0.0016913704325842841,0.0034734199559752713,0.003307168352101089,0.004411287946249969,0.00411568071880543,0.0011145713262572933,0.0010184291092767877
75.0,0.010962439366131347,0.010086766616728549,0.001967753727074906,0.0016510531840579442,0.0034734579559505983,0.003307168352101089,0.004397463378264215,0.0041006799923870565,0.0011237642872273638,0.0010278650423999813
76.0,0.01094418567519963,0.009997974632349364,0.001968083160708019,0.0016355649227863319,0.003473533728098865,0.003307168352101089,0.004382078977898195,0.0040438874630152125,0.0011204897916508203,0.0010113538827813612
77.0,0.010919806721284194,0.010088510565089774,0.001955773758554291,0.0016863563569753195,0.0034735092515535072,0.003307168352101089,0.004374453158781665,0.004076087760584325,0.0011160705595497555,0.0010188981110461847
78.0,0.010927859791351071,0.0101166355631252,0.0019641706220118764,0.0016644824170971126,0.003473456185151218,0.003307168352101089,0.004381464015654421,0.004121816887167224,0.0011087689783740404,0.0010231678738755012
79.0,0.010904413037139392,0.010081299009492384,0.00194641420413977,0.0016477019288883448,0.0034733227861913794,0.003307168352101089,0.004381050246913511,0.004077643717181234,0.0011036257968852256,0.0010487850544709197
80.0,0.010905047640723137,0.010189356386999065,0.001954457518146036,0.001676431215528636,0.003473457956647105,0.003307168352101089,0.004363265004130223,0.004154337234561488,0.0011138671446133768,0.0010514195321889165
81.0,0.01087554438386111,0.010107834579574199,0.0019434730380735136,0.0017119537662816744,0.0034734579502891535,0.003307168352101089,0.0043452832993370015,0.004067567831569425,0.0011133300808531935,0.0010211446361046335
82.0,0.010901233033280805,0.00997633341721769,0.001956220596112964,0.0016354662510426965,0.0034734579469146345,0.003307168352101089,0.004363003143176678,0.00404705449384319,0.0011085513601835177,0.0009866443152733051
83.0,0.01088778370140434,0.0100120171949378,0.0019435997461497467,0.0016223861507419235,0.0034734164252747915,0.003307168352101089,0.004355794095947995,0.004051616494282833,0.0011149734424047864,0.0010308461066157316
84.0,0.01087345974109394,0.010143817609091655,0.00193294925898733,0.0017253970286930716,0.0034734888842822198,0.003307168352101089,0.00435686956457339,0.0041131789373896116,0.001110152050039792,0.0009980732392852719
85.0,0.010840924237394191,0.010019528470496739,0.0019325686655961866,0.0016385569943471244,0.0034733670244941513,0.003307168352101089,0.004329820636487216,0.004072132944085308,0.0011051679138261408,0.0010016702255669153
86.0,0.010843593916618552,0.010004162642745326,0.0019361450178144496,0.0016315302521701675,0.0034734579411042042,0.003307168352101089,0.0043307440530924906,0.004059738090411038,0.0011032469032386054,0.0010057259704514521
87.0,0.010854986921116442,0.010070684010752683,0.001936146898937512,0.0016674607629726381,0.0034734516669569465,0.003307168352101089,0.004336658725740721,0.004101445345507922,0.0011087296161954913,0.000994609539213335
88.0,0.01083959120606239,0.010032350663691644,0.0019284443902206805,0.0016723462975328197,0.003473386493562317,0.003307168352101089,0.0043347030977849985,0.004041013411204048,0.001103057224695524,0.0010118226092487837
89.0,0.010814499596688919,0.009954488225756078,0.0019218339727030244,0.0016608222059134154,0.0034734261001402255,0.003307168352101089,0.004322324118569301,0.00399963444886414,0.0010969154226592376,0.0009868632060909665
90.0,0.010807706558531707,0.010102398370089648,0.0019098583451120006,0.0016556571867404682,0.0034733740565561634,0.003307168352101089,0.004320227166644065,0.004086347694559028,0.0011042469810121816,0.0010532251054510516
91.0,0.010813164364172465,0.009919876651802667,0.001905855242189775,0.001619321149377005,0.0034728577345746374,0.003307168352101089,0.004334020638846068,0.004005210527171442,0.0011004307458495188,0.000988176671492529
92.0,0.010797651434519762,0.009979153314182481,0.001909371925412748,0.0016344794879579502,0.0034732900151265064,0.003307168352101089,0.004318534461419795,0.004033743353197764,0.001096455033054227,0.0010037620995652409
93.0,0.010792056735701484,0.0099411810554482,0.0019068334400266329,0.0016165248426199454,0.0034733173343876075,0.003307168352101089,0.004313394588199996,0.0040203799221389105,0.0010985113387982598,0.000997107932995805
94.0,0.010807115266855852,0.009947066070163437,0.0019192355873514306,0.001606099740839257,0.003476729365422812,0.003307168352101089,0.0043152364402665195,0.004042417166164869,0.0010959138652465673,0.000991380825658556
95.0,0.010788306311791122,0.009940872171243911,0.0019030530103748171,0.0016280032060506447,0.0034734529054762224,0.003307168352101089,0.004318787817851467,0.004015019554301566,0.0010930125850685804,0.0009906810472500157
96.0,0.010777718970970945,0.009972022330502369,0.0018998617156677213,0.0016441149461899065,0.003473436198269429,0.003307168352101089,0.0043154530061341205,0.0040282797766074685,0.001088968040976315,0.0009924591793301922
97.0,0.0107778154165741,0.009921322632719252,0.0018959650888049657,0.0016126267577178009,0.0034734764947055652,0.003307168352101089,0.004312623833739816,0.004008227069310354,0.0010957499990695472,0.000993300423618352
98.0,0.01075205056419626,0.009863519835630767,0.001889931287663824,0.0015876648704098723,0.003473534816239737,0.003307168352101089,0.004291501425828705,0.004010355884163031,0.001097083030413453,0.000958330733418817
99.0,0.010753339043845693,0.01005863692989992,0.001895449819934122,0.001716828811007912,0.0034734579483895896,0.003307168352101089,0.0042932899928904,0.004052508577951384,0.0010911412840469432,0.0009821311721906838
100.0,0.010718244588338763,0.009931164606785893,0.0018794010234316856,0.0016184133339371977,0.00347345795292247,0.003307168352101089,0.004289694983592973,0.003978855797431224,0.0010756906166050275,0.0010267271046227394
101.0,0.010751156894237533,0.009868362002906163,0.0018864899369313683,0.001602580095659193,0.0034734579592469,0.003307168352101089,0.0043013143244687935,0.003980924691675964,0.0010898946697764451,0.0009776889151688823
102.0,0.010722579209069353,0.009877959936370943,0.0018897951173019614,0.0016035038624712084,0.003473455687033463,0.003307168352101089,0.004278051659250119,0.00399572271813162,0.001081276753529021,0.0009715650356629889
103.0,0.010713683191388124,0.009861298825564151,0.0018864809163650742,0.0015977824077373435,0.00347345794654962,0.003307168352101089,0.004277632609874752,0.00399215346071626,0.0010761117064535743,0.000964194609735945
104.0,0.010728259378333008,0.009873555749816864,0.0018945662061819724,0.0015858613011349276,0.0034734579481474886,0.003307168352101089,0.0042856856635308865,0.004001462063340922,0.0010745495503034766,0.0009790640141384417
105.0,0.010699960386234518,0.009880357845046345,0.0018622338426561324,0.0015933579804114988,0.0034734579506169212,0.003307168352101089,0.004280785348699196,0.003970899816296398,0.0010834832380123313,0.0010089316492890895
106.0,0.010700606306033396,0.010082686410052166,0.0018761359648584162,0.001688485776162667,0.0034738514286091647,0.003307168352101089,0.0042676610335399805,0.00406118001362644,0.0010829578726008406,0.0010258522627389882
107.0,0.010688760841739363,0.00980871227563442,0.0018691318422705714,0.0015704449391221837,0.0034734234548971675,0.003307168352101089,0.004258925212019983,0.003941802366722269,0.001087280308808956,0.0009892965813742705
108.0,0.010679954713603874,0.009852478816287197,0.0018727908844440792,0.0015856785027394636,0.003473457960308421,0.003307168352101089,0.004248188330410384,0.003971302301756655,0.0010855175555268212,0.0009883296880600803
109.0,0.010689075961021902,0.009872478839379,0.0018752321870380152,0.0016001549612927161,0.003473457956628482,0.003307168352101089,0.00425963728076238,0.004001145946786346,0.00108074855237989,0.0009640096497311314
110.0,0.010668131231150704,0.0098993476899305,0.0018593658076573644,0.0016255570004811205,0.0034734606942126846,0.003307168352101089,0.0042636024470411055,0.00398614472931998,0.0010717022855842712,0.0009804775798481742
111.0,0.010675649377918397,0.009904833638047528,0.0018695597470712382,0.0016118289183158765,0.0034732811818571955,0.003307168352101089,0.004259856526921851,0.003976069405195328,0.001072951913769625,0.001009767010361206
112.0,0.010653015757392722,0.00984273332194741,0.0018701257085117246,0.0015933891559400605,0.003473569512445406,0.003307168352101089,0.004236954173238218,0.00393572539884415,0.0010723663455556392,0.0010064504606844328
113.0,0.010652524296171252,0.009860354499514295,0.0018580527852236682,0.0015904883999975329,0.003473693468383426,0.003307168352101089,0.004242973104231338,0.0039983769896146295,0.0010778049319655565,0.0009643208225006391
114.0,0.010641520294822359,0.00981754636332881,0.0018600608462913434,0.0015824488987504963,0.0034734579495665743,0.003307168352101089,0.004238089288153531,0.00396231167296833,0.0010699122147459865,0.0009656174511779879
115.0,0.010672561718691105,0.009841314200044922,0.001859902532797034,0.0015956587168870298,0.0034734579523861228,0.003307168352101089,0.004262437626398084,0.003978274089525236,0.001076763618848051,0.0009602129907395353
116.0,0.01063147462362802,0.009895588077284398,0.001853746433316291,0.0015909311347070147,0.003473457942810087,0.003307168352101089,0.004237873641328383,0.004005055243851646,0.0010663966142119518,0.0009924333766856944
117.0,0.01064168671799932,0.00984148845498004,0.001851668200138997,0.0015907966994733146,0.0034734579411228273,0.003307168352101089,0.004248841323298127,0.003962876408551358,0.0010677192491336922,0.000980647008780466
118.0,0.010632126345856613,0.009828620435208052,0.0018500350074977046,0.0015905803393182591,0.0034734579572244235,0.003307168352101089,0.004231223405414702,0.003945529094766344,0.0010774099716908921,0.0009853426937358849
119.0,0.010628836234643141,0.009785022176344483,0.0018606663494359122,0.0015923433833678559,0.0034734579565502645,0.003307168352101089,0.004230920175084384,0.003930803198612404,0.0010637917699716814,0.0009547072098984374
120.0,0.01062406647584324,0.009776003177020064,0.0018596996548001646,0.0015804546078062053,0.0034734579507882547,0.003307168352101089,0.004218922414668839,0.003935610857728553,0.0010719864508016875,0.0009527694018965166
121.0,0.010599808773799612,0.009818630892280914,0.0018514817264821074,0.0015903914331558387,0.003473457947030098,0.003307168352101089,0.004206781614757982,0.0039422941497365685,0.0010680874826130345,0.0009787769496445893
122.0,0.010590630648258846,0.009937543022232515,0.0018425742171405486,0.001675505846791734,0.003473457945357737,0.003307168352101089,0.004209569143579076,0.003989878640013611,0.0010650293301946777,0.0009649902018577036
123.0,0.01061790040792135,0.009761759437432802,0.0018569436686649854,0.0015656118865079829,0.003473457951283631,0.003307168352101089,0.0042204333710285325,0.0039498554961005,0.0010670654148500255,0.0009391237244170188
124.0,0.01058019451093857,0.00984508495769264,0.001839214599173175,0.0015856421884294244,0.003473457951495935,0.003307168352101089,0.004205285599401901,0.003940699185455222,0.001062236366964787,0.0010115752439868286
125.0,0.0105893669128033,0.009823247720731747,0.0018339480106885984,0.001596275072936698,0.003473457954024962,0.003307168352101089,0.004215348893463517,0.003936028254004103,0.0010666120539883771,0.0009837760237225081
126.0,0.010613071573717476,0.009725199218544778,0.001852744359062127,0.0015743804271617775,0.00347371054959197,0.003307168352101089,0.004214649057200131,0.0038894437151451625,0.0010719675864838455,0.0009542066656199487
127.0,0.010580130494940672,0.009814224284574187,0.0018390643887707774,0.0015741770957494814,0.0034734786629383734,0.003307168352101089,0.004206718198511946,0.003947772793157161,0.0010608692411965355,0.000985106039402381
128.0,0.010585044955369048,0.00972417367077336,0.0018481813902299507,0.001561864545770964,0.0034734579502705303,0.003307168352101089,0.004201177996184375,0.003880398052033978,0.0010622276166952374,0.0009747427475948811
129.0,0.010579254728124265,0.010339822647208742,0.0018421777614490045,0.0019418338003456554,0.0034748929899065337,0.003307168352101089,0.00420263465417041,0.004088028916485545,0.0010595493138663764,0.0010027915109584804
130.0,0.010590748358189224,0.009771235801002079,0.0018476122812645104,0.0015546570438820138,0.003473457952345152,0.003307168352101089,0.004203297059470922,0.003937233952742946,0.0010663810706453083,0.0009721764099387841
131.0,0.010554815824804413,0.009922098866605472,0.0018300809616421457,0.0016763969891260531,0.0034734621152278902,0.003307168352101089,0.004195527098862566,0.003964101483185814,0.0010557456633632353,0.0009744320695681437
132.0,0.01055487253548247,0.009720797344922089,0.001829849298027128,0.001554867532259196,0.003473457957298916,0.003307168352101089,0.004195805430590538,0.003913553413632987,0.0010557598374915532,0.000945208048355329
133.0,0.010580652652128698,0.009752572166330832,0.0018470263344972705,0.001572387745114778,0.0034734579393871476,0.003307168352101089,0.00420333854159984,0.0039007981061803844,0.0010568298328657987,0.0009722179141761673
134.0,0.010573723826354957,0.009735939889099323,0.0018386900039267622,0.0015692355283227323,0.0034734579642490848,0.003307168352101089,0.004200445321935602,0.00392168285496798,0.0010611305478848536,0.0009378532201688406
135.0,0.010554201352603387,0.00978858969387669,0.0018309730773741046,0.0015965009178863306,0.003473457951495935,0.003307168352101089,0.004183198719864192,0.003922221613039568,0.0010665715999238355,0.0009626988495815612
136.0,0.010539377723362064,0.00978381295028396,0.001831836413706193,0.0015901552342447649,0.0034734579551609756,0.003307168352101089,0.00418418043906387,0.00389906330311126,0.0010499029238812906,0.000987426123757269
137.0,0.010546931370160028,0.009738911953374518,0.0018225994197496515,0.001550350628379901,0.003473457959146335,0.003307168352101089,0.004187204480371053,0.003918845779964491,0.0010636695200104298,0.0009625472118107714
138.0,0.010522079784757735,0.009738214373457933,0.0018311219221279927,0.0015824772174405052,0.003473457949242531,0.003307168352101089,0.004166540023220668,0.0038935890373477575,0.0010509598861085524,0.0009549797295556164
139.0,0.010525630237631334,0.009772241909589904,0.001825988558527793,0.001648263669138217,0.003473457950510769,0.003307168352101089,0.004170244576931683,0.0038651926980511455,0.001055939127856948,0.0009516172502837354
140.0,0.01047480057146865,0.009771645337053355,0.0018059342483137265,0.0015824184651573104,0.0034736581864491436,0.003307168352101089,0.0041481751782670015,0.00389091460709323,0.0010470329455338496,0.000991143905764704
141.0,0.010509297561009925,0.009687527953397978,0.0018127540840373452,0.001561907129822285,0.003473457956740221,0.003307168352101089,0.0041732525532038,0.0038769887966474043,0.0010498329681077707,0.0009414637523877528
142.0,0.010519519080509899,0.009716537107418176,0.001824317941610277,0.001551430373010899,0.003473642174151183,0.003307168352101089,0.00417365575672396,0.003908109678957151,0.0010479032087284345,0.00094982864629972
143.0,0.010529109342354924,0.00978974207088214,0.0018255484796159366,0.0015648964590230675,0.0034734641562718703,0.003307168352101089,0.00417444981639146,0.003969842344267417,0.001055646879932546,0.0009478349084157354
144.0,0.010516332350705856,0.009697971453864937,0.001822020753659138,0.0015652596569492067,0.003473457954475643,0.003307168352101089,0.004176735204167048,0.0038825471534855932,0.0010441184566081796,0.0009429963037691293
145.0,0.010495168175187473,0.009694875532387924,0.001819300136227333,0.0015702270020117937,0.0034734322708245787,0.003307168352101089,0.00415944288556727,0.0038862521368638347,0.0010429928750845681,0.0009312280728745559
146.0,0.010483112897419924,0.00970411218408641,0.0018229469995193256,0.0015577685097692522,0.0034734816989850092,0.003307168352101089,0.00413983486735438,0.0038693300379229944,0.0010468493323322078,0.0009698452426597742
147.0,0.010483815902088566,0.009860860406713608,0.001804839919929442,0.0016098862185183697,0.0034734579547661647,0.003307168352101089,0.004162369283924134,0.003945099608162201,0.0010431487373976714,0.0009987062373700225
148.0,0.01047179853786992,0.00973882082821613,0.0018060532665220648,0.0015499640134238764,0.003473473227161705,0.003307168352101089,0.004143639203401225,0.003893407799042752,0.001048632860429579,0.0009882806784610484
149.0,0.010476292781801176,0.009765929477406121,0.001811181432387935,0.0015850038078642423,0.0034734579529820645,0.003307168352101089,0.004134610840343868,0.0039028468724632923,0.0010570425515255626,0.0009709104753104388
150.0,0.010484604781444648,0.009630168637960181,0.001816350467710101,0.0015515139451479749,0.0034734579554068015,0.003307168352101089,0.0041545285098370886,0.003839937369759896,0.0010402678503376092,0.0009315489362381801
151.0,0.010462746583825192,0.00967238222599022,0.0018007566315410817,0.0015539798817885999,0.0034734082725558463,0.003307168352101089,0.004142294971016273,0.0038512835085071626,0.0010462866857123706,0.0009599504635737764
152.0,0.010449413639529476,0.009735389869104254,0.0018008259404423837,0.0015943221800198046,0.0034734579428547826,0.003307168352101089,0.0041337545931016744,0.003871213979716359,0.001041375150938043,0.0009626853601926551
153.0,0.01045129628587799,0.009705208401410956,0.0018028699625672407,0.0015524336691571069,0.003473457951447515,0.003307168352101089,0.00413792492782838,0.0038925050067736087,0.0010370434531797644,0.0009531013841655212
154.0,0.010447011522631581,0.009617583473869257,0.001805422683560495,0.0015356294312691952,0.003473457961869043,0.003307168352101089,0.004125245614331153,0.0038626648034897565,0.0010428852480412574,0.0009121209283780732
155.0,0.010431699776801416,0.009644159228362892,0.0017991757866952578,0.001574262849057376,0.0034734579582524224,0.003307168352101089,0.004129103551246753,0.0038481741845784153,0.001029962491428909,0.0009145538560586928
156.0,0.010440067486551961,0.009662755692555513,0.001797256403698621,0.001560049029310299,0.0034734579462479247,0.003307168352101089,0.004126031375266576,0.003870719546651921,0.0010433217682610722,0.0009248187746267729
157.0,0.01042466466102116,0.009644374218708587,0.0017908736065820347,0.0015521022839300547,0.003473457949454835,0.003307168352101089,0.004124341234810905,0.0038481291137027382,0.0010359918604339311,0.0009369744525102204
158.0,0.010441480730873086,0.009736264441786885,0.00179985809052736,0.0015880329599248836,0.0034734579509037183,0.003307168352101089,0.00412310962695233,0.003878859727158818,0.001045055051697548,0.0009622034495652624
159.0,0.010436543980144495,0.009660514420084799,0.0017985655369878865,0.0015674856111659002,0.00347345794354384,0.003307168352101089,0.004126717748275193,0.0038556565231678656,0.0010378027505405026,0.0009302039282735194
160.0,0.010438158196907684,0.009741443215071057,0.0017997204170276827,0.0016029663839848725,0.003473457949060024,0.003307168352101089,0.004127875255355757,0.003877280840408491,0.0010371045603198552,0.0009540276807387955
161.0,0.010419734489189442,0.009624240334503998,0.001794034930458679,0.001551944714614996,0.003473457947868141,0.003307168352101089,0.004119196544025591,0.0038299933727854486,0.0010330450513639676,0.0009351339233129617
162.0,0.010421599267466799,0.00961846138806196,0.0017940149317362765,0.0015446098615151515,0.0034734269932964676,0.003307168352101089,0.0041177596446161325,0.003839861773636687,0.0010363977023116952,0.0009268213862384947
163.0,0.010411734292994761,0.009661386525847204,0.0017986852126557168,0.0015534810281599655,0.0034736803656956494,0.003307168352101089,0.004110683651274775,0.003861107882198079,0.0010286850451402575,0.0009396293045688352
164.0,0.010418743744924111,0.00969892468325849,0.0018000875762106204,0.0016001205643343863,0.0034734579451007374,0.003307168352101089,0.004111490439363853,0.0038557095288785067,0.0010337077754978715,0.0009359262649774754
165.0,0.010408645178448379,0.009657223631575654,0.00179470687107001,0.0015484814232704903,0.0034734579467581997,0.003307168352101089,0.004115230589372049,0.003847878456169595,0.0010252497735415641,0.0009536953964607501
166.0,0.010421136759544673,0.009610936653020591,0.0017908654131416574,0.0015503717751471297,0.003473457958006597,0.003307168352101089,0.004114594727331057,0.00383454039638053,0.0010422186771799943,0.0009188561133333372
167.0,0.01039409374447262,0.009648177445474521,0.0017849705068060694,0.0015411096677948805,0.0034734579451081867,0.003307168352101089,0.004099214103089151,0.00384058135321842,0.0010364512130498758,0.0009593180470479191
168.0,0.010408200220573196,0.00979851431203546,0.0017842320070851298,0.0015939960944758777,0.0034734579553174104,0.003307168352101089,0.004122962971194227,0.003914488947182505,0.0010275472717389488,0.000982860903349754
169.0,0.010398893551078137,0.009612789881371089,0.0017915962464896983,0.0015490317046413465,0.0034734579516672685,0.003307168352101089,0.004105905758066234,0.0038208472585967773,0.0010279336100663444,0.0009357424873427772
170.0,0.010383543582882153,0.009690397745367814,0.0017861218831191907,0.0015628724403074857,0.0034734579555334394,0.003307168352101089,0.004091396630190544,0.0038565154081782113,0.0010325671086065982,0.0009638415322813537
171.0,0.010378660685522755,0.00974737336317524,0.0017875765067506897,0.0016260072454835886,0.0034733460593333178,0.003307168352101089,0.004092070355918752,0.0038535196941616723,0.0010256677449601412,0.0009606780562233121
172.0,0.010389205526301131,0.009668048212339514,0.0017924277232160112,0.0015665745172060365,0.003473473710455413,0.003307168352101089,0.004095611487882684,0.003864978328666626,0.0010276926039564697,0.0009293270263328229
173.0,0.01036608688048448,0.009648963167194572,0.0017833836688255068,0.0015494207121452804,0.003473457735578858,0.003307168352101089,0.00408033925768602,0.0038421756282447815,0.0010289062475188778,0.0009501985057980369
174.0,0.010381797343594176,0.009630510796863601,0.0017871150029547115,0.0015617651334625966,0.0034734579587515236,0.003307168352101089,0.004089530318928012,0.0038379002962593252,0.0010316940491499143,0.0009236770446472395
175.0,0.010357453698165946,0.009614168585613961,0.0017784434681502417,0.0015385219061402507,0.0034734579524717895,0.003307168352101089,0.004068698187067515,0.00382976719709354,0.0010368540654654768,0.0009387110701346418
176.0,0.010353058246670613,0.0096033040578576,0.001778781010849581,0.001545681152611948,0.0034734579540100638,0.003307168352101089,0.004077738732917255,0.0038276511919786015,0.001023080562097545,0.0009228033661513064
177.0,0.0103649419034291,0.009657266979552243,0.0017816450649419536,0.0015707873759087101,0.0034736817137601583,0.003307168352101089,0.004084401342414008,0.0038390208764174784,0.0010252137965671558,0.0009402903873229491
178.0,0.010360020386598223,0.009587069186600107,0.0017730088584080852,0.0015308072275975787,0.0034734579584814874,0.003307168352101089,0.004090624584190911,0.0038309218883414288,0.001022928994557428,0.0009181716653712146
179.0,0.010354961079019892,0.009603925815196805,0.0017735081981129538,0.0015483868055332607,0.003473457956982322,0.003307168352101089,0.004081976403054983,0.003821150629535901,0.001026018538624036,0.0009272200436716333
180.0,0.010341917285480687,0.009598315044110515,0.0017852545556454105,0.0015318760524892672,0.003473457946430432,0.003307168352101089,0.004060035050394451,0.003821526899231092,0.0010231697499593435,0.0009377437642175998
181.0,0.010345136076098998,0.009693695052539048,0.0017712333446790324,0.0015684730964606723,0.003473457959574668,0.003307168352101089,0.0040703311871340166,0.00387411268458003,0.0010301135990920965,0.0009439410242421863
182.0,0.010345640055855152,0.009715758125331812,0.001776972412337118,0.0015762903888373498,0.003473457959164958,0.003307168352101089,0.004074662282970832,0.0038853671179098913,0.001020547420497069,0.0009469322353907288
183.0,0.010338022513424586,0.009541858038058139,0.0017681519852226237,0.0015259902277832175,0.003473457951883297,0.003307168352101089,0.004077692221469887,0.00376099445354141,0.0010187203677760547,0.0009477050202216309
184.0,0.01032665129384612,0.009687087400634026,0.0017763017007016175,0.001592385859019141,0.0034734579453372517,0.003307168352101089,0.004060584167371628,0.003835808846940786,0.0010163074445618024,0.0009517243588484722
185.0,0.010341370827866656,0.009582650929137336,0.001778787153295616,0.0015414046142216927,0.0034734579515797396,0.003307168352101089,0.004059318779500492,0.003786430806138474,0.001029806947584183,0.0009476471171155054
186.0,0.010341153036806524,0.009546357204974086,0.0017768630860809755,0.0015282903151099894,0.0034734579434358257,0.003307168352101089,0.004072941542841586,0.003800465996511374,0.0010178904572633153,0.0009104324594860356
187.0,0.01032405167891251,0.009547642008922299,0.001766657684975184,0.0015287769197729242,0.003473457961828072,0.003307168352101089,0.004062510860330863,0.0037838891447129147,0.0010214251640907456,0.0009278076514350671
188.0,0.010322000777611657,0.009578224003604833,0.0017676637429087337,0.001536375487276663,0.0034734450902874038,0.003307168352101089,0.004058619865158702,0.003797038868944477,0.0010222720625723155,0.0009376412537573158
189.0,0.01032055360078025,0.009587492378314636,0.0017727488571348802,0.0015274909877253824,0.0034734579493430964,0.003307168352101089,0.004057273061382751,0.003833627528509796,0.0010170737284411154,0.0009192054806287167
190.0,0.010334533538135801,0.009575557233877756,0.0017740383747934644,0.0015547620337566116,0.003473457953261412,0.003307168352101089,0.004065430532589563,0.003785296388855764,0.0010216066947941532,0.0009283304088881139
191.0,0.010314009702809133,0.009612477959105319,0.0017636829311955349,0.001554885974746471,0.0034734579511532687,0.003307168352101089,0.004056411204903923,0.0038237328947902426,0.0010204576258289488,0.0009266907036660647
192.0,0.010320619891680772,0.009567576185934816,0.0017770226897347596,0.0015377279961353446,0.0034734543804725592,0.003307168352101089,0.004051245713605255,0.003808970684564637,0.001018897108067466,0.0009137092068644671
193.0,0.010289306327492274,0.00954338139026026,0.0017618134080910554,0.0015428982236946303,0.0034734579445979117,0.003307168352101089,0.00403722872230181,0.003775691694482524,0.0010168062424542948,0.0009176231012697515
194.0,0.010305643608730656,0.009559338155295772,0.0017677151771015778,0.001534705625721598,0.0034734557386233793,0.003307168352101089,0.004046537309834787,0.0038056497275328733,0.0010179353739584926,0.0009118143774450801
195.0,0.010287382143271956,0.009574984309115974,0.0017564207777463542,0.0015264088032890654,0.0034732349659893935,0.003307168352101089,0.004039886712393157,0.0037927382361879923,0.0010178396865750457,0.000948668918293917
196.0,0.010287926568248507,0.009597839019803598,0.001756053844235312,0.0015346567712734697,0.0034734358785095346,0.003307168352101089,0.0040469532695362265,0.0038332512502331838,0.001011483587284736,0.0009227626348675611
197.0,0.010309403789768735,0.009598957562887298,0.0017724115209386039,0.0015658320863722861,0.0034734579490786474,0.003307168352101089,0.00404639487990575,0.0037698233309424777,0.0010171394302073108,0.0009561337760488139
198.0,0.010316333743257593,0.009618224984686606,0.001765870938503265,0.0015326727746974172,0.003473681125874981,0.003307168352101089,0.00406446612647929,0.0038340496962939135,0.0010123155652779822,0.00094433415754185
199.0,0.010282102189842483,0.009593037804500477,0.0017596613931674786,0.0015430653471707543,0.0034731686199903494,0.003307168352101089,0.0040339637743185336,0.0038379236977353847,0.001015308401753419,0.0009048804143781269
200.0,0.010274919497388178,0.009547495514288877,0.001755201348702251,0.0015331410130927836,0.0034734579569264527,0.003307168352101089,0.004035093381906944,0.003784569791936019,0.0010111668077276278,0.0009226163661110013
201.0,0.010276786493998406,0.009586314976931434,0.001755447073642229,0.0015519661991564985,0.0034734579552950628,0.003307168352101089,0.004031412035888585,0.003816096515935615,0.0010164694258473614,0.0009110839280920074
202.0,0.010260994516660987,0.009523304686210583,0.0017476281156553872,0.0015169240957178941,0.0034734579437412454,0.003307168352101089,0.004029638720681071,0.003790798837496366,0.0010102697586852661,0.0009084133461393229
203.0,0.010290017188011574,0.009577692166449455,0.001763352231484573,0.001552185521689669,0.0034734579490227776,0.003307168352101089,0.004039338284290904,0.0037905440051018017,0.0010138687472856331,0.0009277943032410815
204.0,0.01026857822081453,0.009543119817338111,0.001758020498863304,0.0015366155986006925,0.003473457951719413,0.003307168352101089,0.004026042076131171,0.0037719240368136266,0.0010110577047540278,0.0009274117423063606
205.0,0.010277723039777335,0.009567446496942167,0.0017520878772718511,0.0015517747673149537,0.0034738989625320935,0.003307168352101089,0.004034529508865444,0.00379196935949982,0.001017206695990942,0.0009165340540205976
206.0,0.010257125550707043,0.009494279982774328,0.001752207687391547,0.0015194777231606255,0.00347345795705309,0.003307168352101089,0.004017157775275616,0.0037683338686797145,0.0010143021234108826,0.0008993000353373856
207.0,0.010251525054956611,0.009510375305105383,0.0017484994850022468,0.0015312556936237546,0.0034734579562224967,0.003307168352101089,0.004020639784916351,0.0037556281890162337,0.00100892780531959,0.0009163230917917871
208.0,0.010264621981051346,0.00957999402959408,0.0017540540133496735,0.0015317876795237673,0.0034734579485665097,0.003307168352101089,0.004025233907819088,0.003800400557394071,0.0010118761154587995,0.00094063745850712
209.0,0.01023372845374318,0.00952084778157538,0.0017467830853835709,0.0015172613157750335,0.0034734579501476174,0.003307168352101089,0.004010316779201679,0.0037849744729290566,0.0010031706594357437,0.0009114435970567238
210.0,0.010249919054335447,0.009487271501623344,0.0017430775527193527,0.0015151186039662244,0.003473430277962474,0.003307168352101089,0.004026862712870427,0.003759450069169788,0.001006548494741193,0.0009055345038121519
211.0,0.010254091767382987,0.009565327049306677,0.001752841986170738,0.001538552450338421,0.003473457946936982,0.003307168352101089,0.004020771468100839,0.0037918698290181313,0.0010070203779209952,0.0009277363722751335
212.0,0.010224293497874666,0.009603259686427347,0.0017437808126055565,0.0015713269266294898,0.00347345794619578,0.003307168352101089,0.004000182175703907,0.0038079099794256204,0.0010068725672868076,0.0009168543925040513
213.0,0.010234186164305934,0.009494026963502962,0.0017519977478354207,0.00152377067697536,0.003474018856439311,0.003307168352101089,0.004000436375668512,0.0037566981526744357,0.0010077331906852575,0.000906389725231649
214.0,0.010238875667283213,0.009543410684967746,0.0017495665628058327,0.001537549112179005,0.0034734579537158174,0.003307168352101089,0.004006254256788135,0.003778971275417189,0.0010095969140529334,0.0009197219407460354
215.0,0.010242977639326006,0.009494878031672885,0.0017463250059404384,0.001510313735420987,0.0034734579416107543,0.003307168352101089,0.004009953581808449,0.0037705865537851196,0.0010132410982905652,0.0009068093939245219
216.0,0.010216331912674195,0.009521420650915482,0.0017482353470826308,0.0015303300500430009,0.0034734579535742813,0.003307168352101089,0.003997695778671964,0.0037680113257729194,0.000996942822921929,0.0009159109335427456
217.0,0.010210900125529167,0.009523711307319932,0.0017447849631014995,0.0015217395704826004,0.003473401909637506,0.003307168352101089,0.003997423685334755,0.0037639308994359905,0.0009952895908349397,0.000930872492430952
218.0,0.010246445211179908,0.009491371568449706,0.0017422775001759755,0.0015284122242100035,0.0034734579459238814,0.003307168352101089,0.0040124792737669356,0.0037584841666857102,0.0010182305081047002,0.0008973068155259791
219.0,0.010222822854577878,0.009582896276618137,0.0017337865824946365,0.0015270160933651864,0.0034734579503115015,0.003307168352101089,0.0040027174474602505,0.003811912939008702,0.001012860886299228,0.0009367988695927189
220.0,0.010210892175869861,0.009524939709281277,0.001739485698904562,0.0015027170728735715,0.0034734579452906935,0.003307168352101089,0.003996728502272476,0.003779291265887512,0.0010012200250391846,0.0009357629941237017
221.0,0.010236305905274879,0.009473887581944595,0.0017518956571553337,0.0015159154506645752,0.0034734579565390907,0.003307168352101089,0.004002343328711592,0.0037560645678126623,0.001008608975091252,0.000894739197399112
222.0,0.010219381788923381,0.009422637424726132,0.0017440499877547475,0.0015058397384689864,0.0034735440599563496,0.003307168352101089,0.003992598045657002,0.003712578493511075,0.001009189695904467,0.0008970508232754252
223.0,0.010219610273141746,0.009512873679458607,0.0017513847958682827,0.0015251189510218583,0.0034734579576117855,0.003307168352101089,0.003989513496145897,0.003772748237805184,0.001005254036073386,0.0009078381602037786
224.0,0.01023183261131167,0.009470577776767667,0.001748264209335139,0.0015292263208760465,0.0034734579513692977,0.003307168352101089,0.004007582697906126,0.0037308558657796853,0.001002527760291913,0.0009033272215016662
225.0,0.01019570562511528,0.009488529104015727,0.0017350966811272902,0.0015153915423252468,0.0034734579509297907,0.003307168352101089,0.003982896195292757,0.0037733849264597434,0.0010042547675139584,0.0008925842648866797
226.0,0.010201677688954688,0.009527684030265363,0.0017440684411857811,0.0015317617590430222,0.003473457941726218,0.003307168352101089,0.003980869094970457,0.0037741250288678705,0.001003282235258147,0.0009146289132507717
227.0,0.010197206940302586,0.009555587980544396,0.0017328988084241597,0.001508046696517957,0.003473457959377262,0.003307168352101089,0.0039914754631729865,0.003778176008892206,0.0009993747040699247,0.0009621969017984106
228.0,0.010201466496368107,0.009483654572625339,0.0017256965734183708,0.0015317139651155323,0.003473457950825501,0.003307168352101089,0.0039974438802075985,0.0037583673357608864,0.001004868096798703,0.0008864048588776636
229.0,0.01019693052457888,0.009529403481291122,0.001743160323558766,0.0015258291167249253,0.003473457953976542,0.003307168352101089,0.003981698687217812,0.0037946955050337733,0.000998613546186148,0.0009017105324977247
230.0,0.010189033652233124,0.009481916916352848,0.0017353135699449353,0.001509067692620132,0.003473457954453295,0.003307168352101089,0.003985414647064091,0.003753888153842676,0.000994847488172582,0.0009117926393587092
231.0,0.010188425241465463,0.009585418351784078,0.0017334260215282533,0.0015601214376143064,0.0034734579470859675,0.003307168352101089,0.003982059819196776,0.0038055171058991163,0.0009994814436850158,0.0009126114426344601
232.0,0.010198625652879195,0.009448758119563251,0.001734651447465252,0.001518762576419289,0.003473482157703577,0.003307168352101089,0.003996727773849381,0.0037282828964690607,0.000993764273618883,0.000894544316539495
233.0,0.010189088646443047,0.009452506643225347,0.001733692347902651,0.001510603528763953,0.003473457956352859,0.003307168352101089,0.003982619421169796,0.0037436252476569787,0.0009993188934005063,0.0008911094914824632
234.0,0.010184738873376795,0.009566380622807917,0.0017304534682414054,0.0015102936962530272,0.003473457961077558,0.003307168352101089,0.0039855217466311455,0.0038027341834178646,0.0009953056863505527,0.0009461843938638211
235.0,0.010178370541428693,0.00943377765602572,0.0017265217658794555,0.0015106937388687112,0.0034735137746158763,0.003307168352101089,0.0039726512331054705,0.003713110230371093,0.0010056837526593145,0.0009028053056256927
236.0,0.010194831824310087,0.009616152971691187,0.0017312112461494971,0.0015257657277329875,0.0034734534360988645,0.003307168352101089,0.003990464313168339,0.0038169670818096572,0.0009997028198658025,0.0009662518035517951
237.0,0.01018394763069526,0.009465041309704759,0.0017303415025014218,0.0015065065846214224,0.003473457959909885,0.003307168352101089,0.003987293048755513,0.003743537924068188,0.0009928551165207984,0.0009078284300881948
238.0,0.010187916212095326,0.009442733709910412,0.0017330294792268458,0.0015142293823208342,0.0034734579520732537,0.003307168352101089,0.003982712323095844,0.0037215742175182457,0.0009987164643748584,0.0008997617568510085
239.0,0.010174986153451988,0.009477443788210152,0.0017263636319777226,0.0015163095384890545,0.0034734579595783925,0.003307168352101089,0.003976835306117703,0.003748784433608855,0.0009983292426953905,0.0009051814644897612
240.0,0.010176774857002923,0.009488591760547609,0.0017363844579716661,0.0015145710856938129,0.0034734579565614382,0.003307168352101089,0.003971030402009232,0.003773169326296804,0.0009959020502181993,0.0008936829693130616
241.0,0.010162734136066304,0.009530708626425645,0.001729753364702884,0.0015191383505374048,0.0034734579477266048,0.003307168352101089,0.003968344673653995,0.0038001613158924305,0.0009911781335245893,0.0009042405577042077
242.0,0.01016324872929585,0.009905091123591078,0.001726076834335579,0.0015982396442143737,0.003473457957526119,0.003307168352101089,0.0039626012504154675,0.004017542488801493,0.0010011126764984544,0.0009821406867371676
243.0,0.01017667019640493,0.009435134422699562,0.0017291527376546035,0.0014927721521448862,0.0034734579588967846,0.003307168352101089,0.003977057273908766,0.003734329121763238,0.0009970022252296456,0.0009008647954016462
244.0,0.010141389311143379,0.009423004951502528,0.0017238863730857572,0.0015001104519963989,0.0034734579469444314,0.003307168352101089,0.003950383340143493,0.003717692746307166,0.000993661663666978,0.0008980333395678925
245.0,0.010171304293378163,0.009469813603115473,0.0017303798848254054,0.00152961286473738,0.0034735711340806137,0.003307168352101089,0.00397187348699929,0.0037249406610286835,0.0009954797715686638,0.0009080917336193027
246.0,0.010160570948424735,0.009594301395175446,0.001727954661043958,0.0015514201453870479,0.0034734579451566067,0.003307168352101089,0.003960559212307639,0.003814286022347648,0.0009985991427125134,0.0009214268865543571
247.0,0.010145718927454703,0.009533660489677742,0.0017198162618909051,0.00152435137459778,0.0034734564944113666,0.003307168352101089,0.003958714817265355,0.0037910447111255546,0.0009937313493616443,0.0009110960036871127
248.0,0.010134678259356046,0.009422645102476018,0.0017214887796683231,0.0015043291023240878,0.0034734579571126844,0.003307168352101089,0.003944610898148891,0.0037199792303531094,0.0009951206191865175,0.0008911683729674462
249.0,0.010145764236876766,0.00946879120603669,0.0017280107711153483,0.0015053010157361677,0.0034734579560101926,0.003307168352101089,0.003953546123797617,0.0037638840603703904,0.0009907494210340806,0.0008924377513044819
250.0,0.010149443485326086,0.009411886437753864,0.0017227325599955235,0.0014964318877748242,0.003473457951823703,0.003307168352101089,0.003954731380073873,0.0037269810910568134,0.0009985215862425793,0.0008813050633758307
